{"schemaVersion":"1.0","appDefinitionTemplate":{"id":"/providers/Microsoft.PowerApps/apps/","type":"Microsoft.PowerApps/apps","tags":{"primaryDeviceWidth":"1024","primaryDeviceHeight":"768","sienaVersion":"20211201T143852Z-3.21113.12.0","deviceCapabilities":"webcam","supportsPortrait":"true","supportsLandscape":"true","primaryFormFactor":"Tablet","publisherVersion":"3.21113.12","minimumRequiredApiVersion":"2.2.0","hasComponent":"true","hasUnlockedComponent":"true","isUnifiedRootApp":"false"},"properties":{"appVersion":"2021-12-01T14:38:52Z","lifeCycleId":"Published","createdByClientVersion":{"major":3,"minor":21113,"build":12,"revision":0,"majorRevision":0,"minorRevision":0},"minClientVersion":{"major":3,"minor":21113,"build":12,"revision":0,"majorRevision":0,"minorRevision":0},"backgroundColor":"rgba(232, 244, 217, 1)","backgroundImageUri":"/3110680790430180304/N946f9f2e-9782-4008-9d47-b669173532c0-logoSmallFile","displayName":"Inventory App - Training Template","description":"","commitMessage":"","appUris":{"documentUri":{"value":"/3110680790430180304/Na9167cf6-b367-4574-8156-8a48d4cf43f8-document.msapp"},"imageUris":[]},"createdTime":"0001-01-01T00:00:00Z","lastModifiedTime":"0001-01-01T00:00:00Z","sharedGroupsCount":0,"sharedUsersCount":0,"icons":{"smallIconUri":"/3110680790430180304/N8cbc5d51-6099-48c7-ac5c-02d0c745275d-small.png","mediumIconUri":"/3110680790430180304/N4c5d9ea5-58b4-4fb3-8cd2-c3260a918e50-medium.png","largeIconUri":"/3110680790430180304/N7dae4786-3bd6-4203-904a-51015e0eb007-large.png","wideIconUri":"/3110680790430180304/N6c4cf866-e66d-44f3-8a36-aa39ea9edbd6-wide.png"},"connectionReferences":{},"databaseReferences":{},"almMode":"Environment","performanceOptimizationEnabled":true,"canConsumeAppPass":true,"executionRestrictions":{"isTeamsOnly":false,"dataLossPreventionEvaluationResult":{"status":"Compliant","lastEvaluationDate":"2021-12-01T14:32:04.9628442Z","violations":[],"violationsByPolicy":[],"violationErrorMessage":"The app uses the following connectors: shared_excelonlinebusiness."}}},"appType":"ClassicCanvasApp","appComponents":[]}}